primmyhuynh@gmail.com
anlahora@yahoo.com
paulkang@samilsolution.com
philskin@gmail.com
andrew@ContractRecruiter.com
chrismooreonline@gmail.com
jmletennier@gmail.com
wynn5551@hotmail.com
michelle.mdclinic@live.com
lcook@opltechnologies.com
leonardasvaitonis@gmail.com
vnagin@gmail.com
etanchana@gmail.com
gonzalooo.1989@gmail.com
latanyaonline@hotmail.com
john@colderice.com
munierk@gmail.com
keithmillerpsy@gmail.com
andrew.johnson@leatsolutions.com
Bob@ResourceMgmt.net
lhartle@rx2live.com
carl@carlngan.com
Williamhuynhhtc@gmail.com
peter@fitness-clientsondemand.com
cwmobbs@innovationforgrowth.co.uk
steve@flameconcepts.com
leon@firespheredigital.co.uk
lynnw@petite2queen.com
bhazelgren@rx2live.com
M-jwalker@live.co.uk
alex.derlean@gmail.com
maheshpatel@technologist.com
baiyy1986@gmail.com
poelmansmj@gmail.com
fjtawil@gmail.com
valdebenitoabraham@gmail.com
molly@globalautismproject.org
petertanengkuan@gmail.com
Chadhagen5@hotmail.com
dr.suryagarg@gmail.com
The_rosenbaums@yahoo.com
Abdo.roger@gmail.com
brianbaptista1@yahoo.dk
kevin@noticeboardtv.com
conniecollierfaye@gmail.com
Karenandersonfitnesscoach@gmail.com
elainehausman@gmail.com
lainejt3@zoho.com
gr32@hotmail.co.uk
itzel.portillo@mail.ru
timothyd@gmail.com
whitneybachrach@gmail.com
link2ingo@yahoo.com
simon.oldfield@precisionfb.co.uk
Chris@astutesocialmedia.com
jonessL27@gmail.com
eoasasu@gmail.com
carlos.garcia444@gmail.com
kashifamd@outlook.com
rafael.perez.martin484@gmail.com
B.janssen@5hart.nl
randyross@videosforleads.com
futurewavewebdevelopment@gmail.com
brad@dealerdocx.com
info@sunilcpatel.com
sjweaver@sjweavermarketingconsulting.com
jaron@grassbridge.com
a.iakubovich@gmail.com
nerevarxx@gmail.com
cel.tiffany@gmail.com
detroitccw@gmail.com
alainaubertin@gmail.com
byoshidabusiness@gmail.com
hank.gehron@outlook.com
gettaxomate@gmail.com
james@edinburghpestcontrolco.co.uk
kris@healthymoneyhappylife.com
steven@s2k2management.com
Danielsan21@gmail.com
eugeniaestella@gmail.com
nick.powell@conita.co.uk
pmcmonagle1@hotmail.co.uk
r_ferrand@yahoo.fr
shola.rahman@gmail.com
dk@turkblue.com
Athena.Wight@gmail.com
joe.newkirk@gmail.com
Mcvela@yahoo.com
entreprenuerpq1@gmail.com
amaya@grassbridge.com
jeffr@fedresource.com
slaveckmoraru@kw.com
tony@tonyselimi.com
bettyeb2002@yahoo.com
vckloong@gmail.com
psfoote@hotmail.com
kraaksta@gmail.com
joe@tritiumusa.com
phil@bushdogsocialmedia.com
blw_trading@hotmail.com
oliverher@gmail.com
chris@brunningprofit.com
Dmiller@novapolymers.com
victoriajho@gmail.com
gideon@alumni.unc.edu
lionelrel@yahoo.com
eunice@decampi.co.uk
gregoryleemullins@gmail.com
herb@newmansearch.com
garrison@garrisonleykamphd.com
commercialrelocations@gmail.com
jason@contentbridge.tv
jm.dc.garcia@gmail.com
jacobgarland20@gmail.com
paulgardnerr@gmail.com
tanya@tanyahagre.com
keagan@britebee.buzz
dkrmt7@gmail.com
david24601@msn.com
theprosperhub@gmail.com
troyd12@gmail.com
carolyn@carajewels.com
glen.henderson@gmail.com
james@james-watson.com
guibeba@gmail.com
cory@mojoglobal.com
AllanMarston1@gmail.com
info@tripsetc.com
rogersmith03@yahoo.com
novembermoon11.11@gmail.com
ncg@drnealg.com
erik@partridgepartners.com
bc.perry27@gmail.com
stephens.brandi@icloud.com
cholland5487@gmail.com
eddy.kitchen.cabinet@gmail.com
Maisey@Lmrmc.co.uk
helgevedaa1@gmail.com
kpetrsm@gmail.com
adam@greengrassent.com
adamaba@hotmail.com
mindio@osbornfg.com
nihoul@comcast.net
tim@timnihoul.com
alex.4034003437@gmail.com
chriso575@hotmail.com
don.lilly3@gmail.com
jobsforsalespeople@gmail.com
itstheday101@gmail.com
pma24174@bigpond.net.au
peter.james@careerlife.net.au
Michael@talkinghouses.co.uk
stanleylinkedin@yahoo.com
Marce@coluccis.co.uk
sanstipp@gmail.com
Liz@Lmrmc.co.uk
steffan@tsoa-lee.com
Michael@greatauntythree.com
dan.koren@gmail.com
sean@austinpublishing.com
randy@rxnt.com
martina@movingwordstranslations.com
mzaslavskiy@gmail.com
kayne@kaynemcgladrey.com
schmidt@provider.com
ladushka2101@gmail.com
rosenoirtarot@gmail.com
mcjones47@gmail.com
flippingtheodds@gmail.com
kazi@smallbusinessguide.blog
iver.olsen@tucows.no
fridouane@gmail.com
HZH@internationalbrandconsulting.com
Anita.helo@yahoo.com
paul@costcontrolteam.com
ricardo@cominitiare.com
keith@keithgraves.com
chaineant@gmail.com
info@funnelengineer.com
mahmoodhassan745@gmail.com
jpatel@accountegrityrecruiting.com
platinumbuddies@gmail.com
leonwcopy@gmail.com
lisa@businessinheels.com
sjapatties@aol.com
dwylie@lucasgroup.com
george.gelfer@gmail.com
crystaleddy@me.com
marvinwalker7@aol.com
joshvandyk@gmail.com
josephguevara13@gmail.com
info@dreamcube.com.au
connie.helo@gmail.com
robert@bitllionaireby30.com
armand_31558@yahoo.com
vivianhuang93@gmail.com
earle_gilmour@hotmail.com
david@startsmilingagain.com
michael.abramow@oracle.com
brunok@lightbent.com
